years,"
Economic growth rate"
88,6.73
89,6.31
90,-1.4
91,5.48
92,4.22
93,6.95
94,5.38
95,5.77
96,6.85
97,0.8
98,-1.61
99,10.25
100,3.67
101,2.22
102,2.48
103,4.72
104,1.47
105,2.17
106,3.31
107,2.79
108,2.96
