years,"
unemployment rate"
88,2.92
89,2.99
90,4.57
91,5.17
92,4.99
93,4.44
94,4.13
95,3.91
96,3.91
97,4.14
98,5.85
99,5.21
100,4.39
101,4.24
102,4.18
103,3.96
104,3.78
105,3.92
106,3.76
107,3.71
108,3.73
